[
  {
  "media":"Instagram",
  "link":"https://www.instagram.com/p/CdJ8xsquBeF/embed",
  "date":"",
  "description":"",
  "title":"",
  "img":"",
  "logo":"",
  "tipo":"amigos"
    
  },
  {
    "media":"Instagram",
    "link":"https://www.instagram.com/p/Cc6J_digMtt/embed",
    "date":"",
    "description":"",
    "title":"",
    "img":"",
    "logo":"",
    "tipo":"amigos"
      
    }
    ,
  {
    "media":"Instagram",
    "link":"https://www.instagram.com/p/CklusTQPiJ2/embed",
    "date":"",
    "description":"",
    "title":"",
    "img":"",
    "logo":"",
    "tipo":"amigos"
      
    } ,
    {
      "media":"Instagram",
      "link":"https://www.instagram.com/p/CfWfm8es1qu/embed",
      "date":"",
      "description":"",
      "title":"",
      "img":"",
      "logo":"",
      "tipo":"amigos"
        
      }
      ,
    {
      "media":"Instagram",
      "link":"https://www.instagram.com/p/CdJbb0Ostc3/embed",
      "date":"",
      "description":"",
      "title":"",
      "img":"",
      "logo":"",
      "tipo":"amigos"
        
      }
      ,
      {
        "media":"Instagram",
        "link":"https://www.instagram.com/p/CZjZ82Dum3W/embed",
        "date":"",
        "description":"",
        "title":"",
        "img":"",
        "logo":"",
        "tipo":"amigos"
          
        }
  
  
]