[
  {
  "media":"Telenueve",
  "link":"https://www.youtube.com/embed/A6KSv3NoQH4",
  "date":"",
  "description":"Unico en el mundo por albergar 130 perros invàlidos entre sus 750 habitantes, El Campito busca concientizar y es pionero del sistema de puertas abiertas",
  "title":"EL CAMPITO REFUGIO - Día del animal 2014 - Telenueve",
  "img":"",
  "logo":"https://futbolinclusivo.org.ar/app/uploads/2017/12/telenueve.jpg",
  "tipo":"television"
    
  },
  {
  "media":"Telenueve",
  "link":"https://www.youtube.com/embed/URiMkL5Fe_U",
  "date":"",
  "description":"Unico en el mundo por albergar 130 perros invàlidos entre sus 750 habitantes, El Campito busca concientizar y es pionero del sistema de puertas abiertas",
  "title":"EL CAMPITO REFUGIO - Claudio Rigoli y Telenueve",
  "img":"",
  "logo":"https://futbolinclusivo.org.ar/app/uploads/2017/12/telenueve.jpg",
  "tipo":"television"
  },
  {
    "media":"ConstruirTV",
    "link":"https://www.youtube.com/embed/q71GgnANNso",
    "date":"14-03-2022",
    "description":"Construir tv vino a visitar el Campito y a pasar junto con nosotros un dia lleno de alegria!!! Y asi como tambien hacerselos llegar a ustedes. Veni a conocernos y a visitar a nuestros Camperitos!!!",
    "title":"EL CAMPITO REFUGIO en Construir TV",
    "img":"",
    "logo":"https://www.elcampitorefugio.org/imgs/uploaded/_908705.jpg",
    "tipo":"television"
  },
  {
    "media":"Canal 13",
    "link":"https://www.youtube.com/embed/faooIXjCUaE",
    "date":"",
    "description":"Unico en el mundo por albergar 130 perros invàlidos entre sus 750 habitantes, El Campito busca concientizar y es pionero del sistema de puertas abiertas",
    "title":"EL CAMPITO REFUGIO - Tornado 05/12/2013 - Canal 13",
    "img":"",
    "logo":"https://static.wikia.nocookie.net/logopedia/images/4/48/Canal_13_2004.png",
    "tipo":"television"
  },
  {
    "media":"Programa Banda 3.0",
    "link":"https://www.youtube.com/embed/_US0LtR_ZMw",
    "date":"",
    "description":"Unico en el mundo por albergar 130 perros invàlidos entre sus 750 habitantes, El Campito busca concientizar y es pionero del sistema de puertas abiertas",
    "title":"EL CAMPITO REFUGIO - Dia del Animal 2013 - Programa Banda 3.0",
    "img":"",
    "logo":"",
    "tipo":"television"
  },
  {
    "media":"Telefe",
    "link":"https://www.youtube.com/embed/3gQlXmbFQJc",
    "date":"",
    "description":"Unico en el mundo por albergar 130 perros invàlidos entre sus 750 habitantes, El Campito busca concientizar y es pionero del sistema de puertas abiertas",
    "title":"EL CAMPITO REFUGIO en Telefe",
    "img": "",
    "logo":"https://telefe-static.akamaized.net/assets/telefe/4.06.20/static/img/logo-schema.jpg",
    "tipo":"television"
  },
  {
    "media":"Fuera de Serie",
    "link":"https://www.youtube.com/embed/ntyZIFDI45g",
    "date":"",
    "description":"El Campito (refugio canino) en Fuera de Serie (Cap.9) con Laura Azcurra. Otro relato de heroes de la Ciudad en El Campito una ONG que se dedica al rescate y cuidado de mascotas que han sido abandonadas o viven en la calle. Un programa sobre historias extraordinarias de gente común de la Ciudad de Buenos Aires. MIRATE! en CIUDAD ABIERTA. Twitter Ciudad Abierta BA",
    "title":"El Campito (refugio canino) en Fuera de Serie (Cap.9) con Laura Azcurra",
    "img": "",
    "logo":"https://es.wikipedia.org/wiki/Canal_de_la_Ciudad#/media/Archivo:Logo_Canal_de_la_Ciudad.png",
    "tipo":"television"
  },
  {
    "media":"",
    "link":"https://www.youtube.com/embed/IDCymmuIpJg",
    "date":"",
    "description":"Muchas gracias Mercedes Funes por visitarnos y ayudarnos a difundir y conocer nuestra obra en tu programa.",
    "title":"EL CAMPITO REFUGIO en el programa  UN DIA CON ....",
    "img": "",
    "logo":"",
    "tipo":"television"
  },
  {
    "media":"Canal Metro",
    "link":"https://www.youtube.com/embed/FZ6AvF7wELI",
    "date":"",
    "description":"El Campito en Armonizate. Programa conducido por Claudio Marquez",
    "title":"EL CAMPITO REFUGIO - Programa ARMONIZATE - Canal Metro",
    "img": "",
    "logo":"https://4dproducciones.com.ar/wp-content/uploads/2020/12/Metro.png",
    "tipo":"television"
  },
  {
    "media":"Grupo Atlántida",
    "link":"https://www.youtube.com/embed/N4BVcVR7S_0",
    "date":"",
    "description":"Como parte de la campaña #Principios2021 de @grupo.atlantida, este mes hablamos de #CuidadoAnimal e invitarons a sus seguidores a conocernos. Las puertas de El Campito están abiertas para recibirte, ¡sumate!⁣",
    "title":"Principios 2021 - Gracias Grupo Atlántida",
    "img": "",
    "logo":"",
    "tipo":"television"
  },
  {
    "media":"Telefe",
    "link":"https://www.youtube.com/embed/Ehpqvna7jtk",
    "date":"",
    "description":"Unico en el mundo por albergar 130 perros invàlidos entre sus 750 habitantes, El Campito busca concientizar y es pionero del sistema de puertas abiertas",
    "title":"EL CAMPITO REFUGIO - Programa Justo a Tiempo -TELEFE",
    "img": "",
    "logo":"https://telefe-static.akamaized.net/assets/telefe/4.06.20/static/img/logo-schema.jpg",
    "tipo":"television"
  },
  {
    "media":"Telefe",
    "link":"https://www.youtube.com/embed/OHZz8KuClX4",
    "date":"",
    "description":"",
    "title":"El Campito refugio canino en telefe noticias 14/07/10",
    "img": "",
    "logo":"https://telefe-static.akamaized.net/assets/telefe/4.06.20/static/img/logo-schema.jpg",
    "tipo":"television"
  },
  {
    "media":"Telefe",
    "link":"https://www.youtube.com/embed/Q1aydHmJtiI",
    "date":"",
    "description":"",
    "title":"EL CAMPITO REFUGIO - Nota con Fernando Bravo.",
    "img": "",
    "logo":"",
    "tipo":"television"
  }

 
  
  
]