[
  {
  "media":"Expresion Norte",
  "link":"https://expresionnorte.com.ar/el-campito-refugio-lanzo-la-primera-plataforma-de-adopcion-de-animales-del-pais/",
  "date":"29-04-22",
  "description":"El Campito Refugio y Tiendanube lanzaron la primera plataforma de adopción de animales de la Argentina que busca ser una solución para optimizar el proceso de adopción. AdoptaUnCamperito.com.ar cuenta con imágenes y descripción de los animales y ofrece la posibilidad de acceder de forma directa al formulario de adopción, para establecer el primer contacto y encaminar de",
  "title":"El Campito Refugio lanzó la primera plataforma de adopción de animales del país - Expresión Norte",
  "img":"https://expresionnorte.com.ar/wp-content/uploads/2022/06/dia-del-animal-29-4-22-1024x546-1.jpg",
  "logo":"",
  "tipo":"grafica"
    
  },
  {
  "media":"Info Cielo",
  "link":"https://infocielo.com/animales/una-ong-esteban-echeverria-creo-la-primera-plataforma-adoptar-animales-del-pais-n736769",
  "date":"",
  "description":"El Campito Refugio es la ONG de Esteban Echeverría lanzó la plataforma que permite adoptar animales desde cualquier parte de Argentina. Conocé cómo se utiliza.",
  "title":"Una ONG de Esteban Echeverría creó la primera plataforma para adoptar animales del país",
  "img":"https://media.infocielo.com/p/bd1bc202986a1fd6fcb9983a72da1435/adjuntos/299/imagenes/001/407/0001407198/1200x675/smart/campito-refugio-perros-animales-3jpg.jpg",
  "logo":"",
  "tipo":"grafica"
  },
  {
    "media":"Info Region",
    "link":"https://www.inforegion.com.ar/2022/03/14/vuelve-la-colecta-del-refugio-el-campito/",
    "date":"14-03-2022",
    "description":"Será el 9 de abril y son ocho los puntos de recolección, uno de ellos en Lomas de Zamora. ¿Cómo colaborar?",
    "title":"Vuelve la colecta del refugio El Campito",
    "img":"https://www.inforegion.com.ar/wp-content/uploads/2022/01/elcampito-1024x576.jpg",
    "logo":"",
    "tipo":"grafica"
  },
  {
    "media":"Perfil",
    "link":"https://www.perfil.com/noticias/sociedad/en-tres-de-cada-cuatro-hogares-argentinos-hay-al-menos-una-mascota-y-mas-del-60-son-adoptadas.phtml",
    "date":"",
    "description":"La pandemia trajo cambios de hábitos: el 29% de los argentinos sumaron mascotas a sus familias ya que más gente trabaja desde su casa. Contar con mayor flexibilidad horaria permite acomodar horarios para ocuparse de ellas, según un estudio reciente. La forma de llegar a los animales de compañía en el país también parece haber cambiado de paradigma: en lugar de comprarlos, el 87% de los participantes de la encuesta de Kantar respondió que incorporaron mascotas a través de adopciones o regalos. Hay refugios que trabajan intensamente en campañas contra la comercialización.",
    "title":"En tres de cada cuatro hogares argentinos hay al menos una mascota y más del 60% son adoptadas",
    "img":"https://fotos.perfil.com/2022/07/24/trim/1140/641/20220724mascotacedocg-1391321.jpg",
    "logo":"",
    "tipo":"grafica"
  },
  {
    "media":"",
    "link":"https://www.eldiariosur.com/esteban-echeverria/2022/7/7/asi-estan-los-130-perros-que-rescato-el-refugio-el-campito-de-monte-grande-desde-temperley-villa-crespo-54707.html",
    "date":"07-07-2022",
    "description":"El refugio El Campito recibió a los animales rescatados de un criadero allanado en Temperley y otro de Villa Crespo, en CABA.",
    "title":"Así están los 130 perros que rescató el refugio El Campito de Monte Grande desde Temperley y Villa Crespo",
    "img":"https://media.eldiariosur.com/p/28e45700bceb46867167960b0b29456b/adjuntos/291/imagenes/000/565/0000565015/1200x675/smart/monte-grande-el-campito-perros-01jpg.jpg",
    "logo":"",
    "tipo":"grafica"
  },
  {
    "media":"Clarin",
    "link":"https://www.clarin.com/zonales/buscaran-hogares-adoptivos-52-perros-salchichas-rescatados-criaderos-clandestinos_0_id1I3rNFLB.html",
    "date":"06-07-2022",
    "description":"Los animalitos quedaron al cuidado del Refugio El Campito, de Monte Grande. El lugar se puede visitar.",
    "title":"Les buscarán hogares adoptivos a 52 perros salchichas rescatados de los criaderos clandestinos",
    "img": "https://www.clarin.com/img/2022/07/06/LwrDUINNA_1200x630__1.jpg",
    "logo":"",
    "tipo":"grafica"
  },
  {
    "media":"",
    "link":"https://www.inforegion.com.ar/2022/02/16/esteban-echeverria-un-refugio-de-animales-como-regalo-de-aniversario/",
    "date":"16-02-2022",
    "description":"Así nace la historia de El Campito, que ayer celebró 13 años al servicio de los camperitos.",
    "title":"Esteban Echeverría: Un refugio de animales como regalo de aniversario",
    "img":"https://www.inforegion.com.ar/wp-content/uploads/2022/02/perro-1024x576.jpg",
    "logo":"",
    "tipo":"grafica"
  }
  
  
]