[
  {
  "media":"Radio FM 89.1 Radio Universidad",
  "link":"",
  "date":"11-10-2014",
  "description":"",
  "title":"El Último Tren con Nahuel Cabrera",
  "img":"",
  "logo":"http://www.fm891.com.ar/wp-content/uploads/2018/04/logo_horizontal.png",
  "tipo":"radio"
    
  },
  {
    "media":"Radio Colmena",
    "link":"",
    "date":"05-10-2014",
    "description":"",
    "title":"informativo Lado con María José Giovo/ Ileana Antinori",
    "img":"",
    "logo":"https://www.radiocolmena.com/wp-content/uploads/2020/03/Recurso-13-8.png",
    "tipo":"radio"
  },
  {
  "media":"Radio Sentidos",
  "link":"",
  "date":"03-09-2014",
  "description":"",
  "title":"Periodismo In-Formal con Monica D'Assisi",
  "img":"",
  "logo":"https://static.mytuner.mobi/media/tvos_radios/wB9uyG7XwR.png",
  "tipo":"radio"
  },
  {
  "media":"Radio Arinfo",
  "date":"16/08/2014",
  "description":"",
  "title":"Juego de Damas Con Tamara Edelstein",
  "img":"",
  "logo":"https://www.arinfo.com.ar/logo_arinfo_verano.png",
  "tipo":"radio"
        }, 
  {
  "media":"Radio FM Palermo 94.7",
  "link":"",
  "date":"16-08-2014",
  "description":"",
  "title":"Ambiente Sustentable Con Alejandra Arancet",
  "img":"",
  "logo":"https://upload.wikimedia.org/wikipedia/commons/thumb/0/0c/RADIOPALERMO.jpeg/225px-RADIOPALERMO.jpeg",
  "tipo":"radio"
  },
  {
    "media":"Radio Sentidos",
    "link":"",
    "date":"13-08-2014",
    "description":"",
    "title":"A Solas Con Roberto Piazza Con Walter y Roberto",
    "img":"",
    "logo":"https://static.mytuner.mobi/media/tvos_radios/wB9uyG7XwR.png",
    "tipo":"radio"
  },
  {
   "media":"Radio Túnel 57",
   "link":"",
   "date":"06-08-2014",
   "description":"",
   "title":"Con Carlos Princz",
   "img":"",
   "logo":"https://cdn-profiles.tunein.com/s178516/images/logod.jpg",
   "tipo":"radio"
  },
  {
   "media":"Radio FM Voces",
   "link":"",
   "date":"05-08-2014",
   "description":"",
   "title":"Rio Revuelto",
   "img":"",
   "logo":"",
   "tipo":"radio"
  },
  {
   "media":"Radio Fm 89,1/ Radio Universidad de La Matanza",
   "link":"",
   "date":"01-08-2014",
   "description":"",
   "title":"con Nahuel Garelli",
   "img":"",
   "logo":"http://www.fm891.com.ar/wp-content/uploads/2018/04/logo_horizontal.png",
   "tipo":"radio"
  },
  {
   "media":"Radio Lexia",
   "link":"",
   "date":"01-08-2014",
   "description":"",
   "title":"Peatonal Sin Rumbo con Lucia Duarte",
   "img":"",
   "logo":"https://radiolexia.com.ar/wp-content/uploads/2017/09/cropped-radiolexia-01.png",
   "tipo":"radio"
  },
  {
    "media":"Radio FM Simphony 91.3",
    "link":"",
    "date":"30-07-2014",
    "description":"",
    "title":"Tomalo Voz con Pedro Ravera",
    "img":"",
    "logo":"https://liveonlineradio.net/wp-content/uploads/2016/03/Radio-Simphony-91.3.jpg",
    "tipo":"radio"
   },
   {
     "media":"Radio FM Simphony 91.3",
     "link":"",
     "date":"30-07-2014",
     "description":"",
     "title":"El Péndulo con Ignacio Aguirre",
     "img":"",
     "logo":"https://liveonlineradio.net/wp-content/uploads/2016/03/Radio-Simphony-91.3.jpg",
     "tipo":"radio"
    }
    ,
   {
     "media":"Radio FM 90.7 Maria del Rosario",
     "link":"",
     "date":"28-07-2014",
     "description":"",
     "title":"Tendiendo lazos y construyendo puentes con Marta Gimigliano",
     "img":"",
     "logo":"https://reproductor.cienradios.com.ar/player/Player/ShowImageMobile/1596/500",
     "tipo":"radio"
    }
    ,
    {
      "media":"Radio Túnel 57",
      "link":"",
      "date":"30-07-2014",
      "description":"",
      "title":"Con Carlos Princz ",
      "img":"",
      "logo":"https://cdn-profiles.tunein.com/s178516/images/logod.jpg",
      "tipo":"radio"
     }
         
]